[
    {
        "job_id": "3593515247",
        "link": "https://br.linkedin.com/jobs/view/est%C3%A1gio-em-engenharia-atua%C3%A7%C3%A3o-em-projetos-de-telecomunica%C3%A7%C3%B5es-at-huawei-brasil-3593515247?refId=5y%2Bg9rgv7uB3rTFjIFM1Gg%3D%3D&trackingId=baKRtjBW2oY6qPH%2FvFDMrQ%3D%3D&position=1&pageNum=0&trk=public_jobs_jserp-result_search-card",
        "apply_link": "",
        "title": "Est\u00e1gio em Engenharia Atua\u00e7\u00e3o em Projetos de Telecomunica\u00e7\u00f5es",
        "company": "Huawei Brasil",
        "company_link": "",
        "company_img_link": "",
        "place": "Rio de Janeiro, Rio de Janeiro, Brazil",
        "description": "Descripci\u00f3n\n\n\n\n\nDescri\u00e7\u00e3o:\n\n\n\n\nHuawei is a leading global provider of information and communications technology (ICT) infrastructure and smart devices. With integrated solutions across four key domains \u2013 telecom networks, IT, smart devices, and cloud services \u2013 we are committed to bringing digital to every person, home and organization for a fully connected, intelligent world.\n\n\n\n\nAt Huawei, innovation focuses on customer needs. We invest heavily in basic research, concentrating on technological breakthroughs that drive the world forward. We have more than 180,000 employees, and we operate in more than 170 countries and regions.\n\n\n\n\nHuawei's end-to-end portfolio of products, solutions and services are both competitive and secure. Through open collaboration with ecosystem partners, we create lasting value for our customers, working to empower people, enrich home life, and inspire innovation in organizations of all shapes and sizes.\n\n\n\n\nResponsibility Description:\n\n\n\n\nAssist in monitoring the daily activities of the projects;\nSupport in communicating the progress of projects;\nAssist in the collection and analysis of project support data (PDCA);\nAssist in the preparation of control reports and analysis of project progress\n\n\n\n\nProfessional Knowledge:\n\n\n\n\nStudent of Telecommunications Engineering, Electrical Engineering, Production Engineering or related areas;\nKnowledge of programming languages,\nGood communication;\n\n\n\n\nBusiness Skill:\n\n\n\n\nAdvanced Excel (VBA)\nAdvanced English;\n\n\n\n\nAviso de Privacidade\n\n\n\n\nN\u00f3s nos comprometemos a proteger a sua privacidade de acordo com a legisla\u00e7\u00e3o local de privacidade de dados, no Brasil a Lei Geral de Prote\u00e7\u00e3o de Dados (LGPD). Leia e entenda nosso Aviso de Privacidade de Recrutamento antes de enviar seus dados pessoais \u00e0 Huawei para que voc\u00ea entenda completamente como processamos e gerenciamos seus dados pessoais recebidos.\n\n\n\n\nSe voc\u00ea tiver alguma d\u00favida em rela\u00e7\u00e3o \u00e0 Privacidade de Dados da Huawei, entre em contato conosco atrav\u00e9s do link: https://www.huawei.com/br/personal-data-request/\n\n\n\n\nIdiomas:\n\n\n\n\nIngl\u00eas - N\u00edvel Intermedi\u00e1rio\nShow more ",
        "description_html": "<div class=\"description__text description__text--rich\">\n      \n    <section data-max-lines=\"5\" class=\"show-more-less-html\">\n      <div class=\"show-more-less-html__markup show-more-less-html__markup--clamp-after-5\n          relative overflow-hidden\">\n        Descripci\u00f3n<p><br></p><strong>Descri\u00e7\u00e3o</strong>:<p><br></p>Huawei is a leading global provider of information and communications technology (ICT) infrastructure and smart devices. With integrated solutions across four key domains \u2013 telecom networks, IT, smart devices, and cloud services \u2013 we are committed to bringing digital to every person, home and organization for a fully connected, intelligent world.<p><br></p>At Huawei, innovation focuses on customer needs. We invest heavily in basic research, concentrating on technological breakthroughs that drive the world forward. We have more than 180,000 employees, and we operate in more than 170 countries and regions.<p><br></p>Huawei's end-to-end portfolio of products, solutions and services are both competitive and secure. Through open collaboration with ecosystem partners, we create lasting value for our customers, working to empower people, enrich home life, and inspire innovation in organizations of all shapes and sizes.<p><br></p><strong>Responsibility Description: </strong><p><br></p><ul><li>Assist in monitoring the daily activities of the projects;</li><li>Support in communicating the progress of projects;</li><li>Assist in the collection and analysis of project support data (PDCA);</li><li>Assist in the preparation of control reports and analysis of project progress</li></ul><p><br></p><strong>Professional Knowledge:</strong><p><br></p><ul><li>Student of Telecommunications Engineering, Electrical Engineering, Production Engineering or related areas;</li><li>Knowledge of programming languages,</li><li>Good communication;</li></ul><p><br></p><strong>Business Skill:</strong><p><br></p><ul><li>Advanced Excel (VBA)</li><li>Advanced English;</li></ul><p><br></p>Aviso de Privacidade<p><br></p>N\u00f3s nos comprometemos a proteger a sua privacidade de acordo com a legisla\u00e7\u00e3o local de privacidade de dados, no Brasil a Lei Geral de Prote\u00e7\u00e3o de Dados (LGPD). Leia e entenda nosso Aviso de Privacidade de Recrutamento antes de enviar seus dados pessoais \u00e0 Huawei para que voc\u00ea entenda completamente como processamos e gerenciamos seus dados pessoais recebidos.<p><br></p>Se voc\u00ea tiver alguma d\u00favida em rela\u00e7\u00e3o \u00e0 Privacidade de Dados da Huawei, entre em contato conosco atrav\u00e9s do link: https://www.huawei.com/br/personal-data-request/<p><br></p><strong>Idiomas</strong>:<p><br></p>Ingl\u00eas - N\u00edvel Intermedi\u00e1rio\n      </div>\n\n        \n\n    \n    \n    \n\n    <button aria-expanded=\"false\" aria-label=\"Show more, visually expands previously read content above\" data-tracking-control-name=\"public_jobs_show-more-html-btn\" class=\"show-more-less-html__button show-more-less-button\n        show-more-less-html__button--more\n        !ml-0.5\">\n        Show more\n\n        <icon class=\"show-more-less-html__button-icon show-more-less-button-icon lazy-loaded\" aria-hidden=\"true\" aria-busy=\"false\"><svg xmlns=\"http://www.w3.org/2000/svg\" width=\"16\" height=\"16\" preserveAspectRatio=\"xMinYMin meet\" focusable=\"false\" class=\"lazy-loaded\" aria-busy=\"false\"><path d=\"M8 9l5.93-4L15 6.54l-6.15 4.2a1.5 1.5 0 01-1.69 0L1 6.54 2.07 5z\" fill=\"currentColor\"></path></svg></icon>\n    </button>\n  \n\n        \n\n    \n    \n    \n\n    <button aria-expanded=\"true\" aria-label=\"Show less\" data-tracking-control-name=\"public_jobs_show-less-html-btn\" class=\"show-more-less-html__button show-more-less-button\n        show-more-less-html__button--less\n        !ml-0.5\">\n        Show less\n\n        <icon class=\"show-more-less-html__button-icon show-more-less-button-icon lazy-loaded\" aria-hidden=\"true\" aria-busy=\"false\"><svg xmlns=\"http://www.w3.org/2000/svg\" width=\"16\" height=\"16\" preserveAspectRatio=\"xMinYMin meet\" focusable=\"false\" class=\"lazy-loaded\" aria-busy=\"false\"><path d=\"M8 7l-5.9 4L1 9.5l6.2-4.2c.5-.3 1.2-.3 1.7 0L15 9.5 13.9 11 8 7z\" fill=\"currentColor\"></path></svg></icon>\n    </button>\n  \n    </section>\n  \n    </div>",
        "date": "2023-05-02",
        "insights": []
    },
    {
        "job_id": "3599692199",
        "link": "https://br.linkedin.com/jobs/view/est%C3%A1gio-engenharia-el%C3%A9trica-at-mundivox-communications-3599692199?refId=5y%2Bg9rgv7uB3rTFjIFM1Gg%3D%3D&trackingId=jgS6sWg%2FvAPlKXOONzx28A%3D%3D&position=2&pageNum=0&trk=public_jobs_jserp-result_search-card",
        "apply_link": "",
        "title": "EST\u00c1GIO - ENGENHARIA EL\u00c9TRICA",
        "company": "Mundivox Communications",
        "company_link": "",
        "company_img_link": "",
        "place": "Rio de Janeiro, Rio de Janeiro, Brazil",
        "description": "Vaga de EST\u00c1GIO - ENGENHARIA EL\u00c9TRICA em Rio de Janeiro. A combinar. Per\u00edodo Integral. Est\u00e1gio \u00c1rea e especializa\u00e7\u00e3o profissional: Engenharia - Engenharia Telecomunica\u00e7\u00f5es N\u00edvel hier\u00e1rquico: Estagi\u00e1rio Local de trabalho: Rio de Janeiro, RJ Regime de contrata\u00e7\u00e3o de tipo Est\u00e1gio Jornada Per\u00edodo Integral CONTROLAR AS INTERCONEX\u00d5ES COM AS OPERADORAS, TRATANDO AS AMPLIA\u00c7\u00d5ES SEMPRE QUE NECESS\u00c1RIAS E CONTROLAR AS FALHAS;\n\nREALIZAR APROVISIONAMENTO, OPERA\u00c7\u00c3O, MANUTEN\u00c7\u00c3O E AMPLIA\u00c7\u00c3O DAS PLATAFORMAS NGN;\n\nDESENVOLVER RELAT\u00d3RIOS E FERRAMENTAS CUSTOMIZADAS;\n\nREALIZAR INTERFACE DIRETA COM OS FORNECEDORES AFIM DE MANTER E AMPLIAR AS SOLU\u00c7\u00d5ES;\n\nHOMOLOGAR NOVOS EQUIPAMENTOS E GERAR SCRIPTS DE PROVISIONAMENTO;\n\nSUPORTE AS EQUIPES DE RECUPERA\u00c7\u00c3O EM CASOS INCOMUNS;\n\nMANTER ATUALIZADO BANCO DE DADOS COM FACILIDADES DE CLIENTES NGN;\n\nANALISAR E INTERPRETAR DE INDICADORES DE QUALIDADE DA REDE PARA TOMADA DE DECIS\u00c3O. Benef\u00edcios adicionais: Seguro de Vida, Vale-transporte\nShow more ",
        "description_html": "<div class=\"description__text description__text--rich\">\n      \n    <section data-max-lines=\"5\" class=\"show-more-less-html\">\n      <div class=\"show-more-less-html__markup show-more-less-html__markup--clamp-after-5\n          relative overflow-hidden\">\n        Vaga de EST\u00c1GIO - ENGENHARIA EL\u00c9TRICA em Rio de Janeiro. A combinar. Per\u00edodo Integral. Est\u00e1gio \u00c1rea e especializa\u00e7\u00e3o profissional: Engenharia - Engenharia Telecomunica\u00e7\u00f5es N\u00edvel hier\u00e1rquico: Estagi\u00e1rio Local de trabalho: Rio de Janeiro, RJ Regime de contrata\u00e7\u00e3o de tipo Est\u00e1gio Jornada Per\u00edodo Integral CONTROLAR AS INTERCONEX\u00d5ES COM AS OPERADORAS, TRATANDO AS AMPLIA\u00c7\u00d5ES SEMPRE QUE NECESS\u00c1RIAS E CONTROLAR AS FALHAS;<br><br>REALIZAR APROVISIONAMENTO, OPERA\u00c7\u00c3O, MANUTEN\u00c7\u00c3O E AMPLIA\u00c7\u00c3O DAS PLATAFORMAS NGN;<br><br>DESENVOLVER RELAT\u00d3RIOS E FERRAMENTAS CUSTOMIZADAS;<br><br>REALIZAR INTERFACE DIRETA COM OS FORNECEDORES AFIM DE MANTER E AMPLIAR AS SOLU\u00c7\u00d5ES;<br><br>HOMOLOGAR NOVOS EQUIPAMENTOS E GERAR SCRIPTS DE PROVISIONAMENTO;<br><br>SUPORTE AS EQUIPES DE RECUPERA\u00c7\u00c3O EM CASOS INCOMUNS;<br><br>MANTER ATUALIZADO BANCO DE DADOS COM FACILIDADES DE CLIENTES NGN;<br><br>ANALISAR E INTERPRETAR DE INDICADORES DE QUALIDADE DA REDE PARA TOMADA DE DECIS\u00c3O. Benef\u00edcios adicionais: Seguro de Vida, Vale-transporte\n      </div>\n\n        \n\n    \n    \n    \n\n    <button aria-expanded=\"false\" aria-label=\"Show more, visually expands previously read content above\" data-tracking-control-name=\"public_jobs_show-more-html-btn\" class=\"show-more-less-html__button show-more-less-button\n        show-more-less-html__button--more\n        !ml-0.5\">\n        Show more\n\n        <icon class=\"show-more-less-html__button-icon show-more-less-button-icon lazy-loaded\" aria-hidden=\"true\" aria-busy=\"false\"><svg xmlns=\"http://www.w3.org/2000/svg\" width=\"16\" height=\"16\" preserveAspectRatio=\"xMinYMin meet\" focusable=\"false\" class=\"lazy-loaded\" aria-busy=\"false\"><path d=\"M8 9l5.93-4L15 6.54l-6.15 4.2a1.5 1.5 0 01-1.69 0L1 6.54 2.07 5z\" fill=\"currentColor\"></path></svg></icon>\n    </button>\n  \n\n        \n\n    \n    \n    \n\n    <button aria-expanded=\"true\" aria-label=\"Show less\" data-tracking-control-name=\"public_jobs_show-less-html-btn\" class=\"show-more-less-html__button show-more-less-button\n        show-more-less-html__button--less\n        !ml-0.5\">\n        Show less\n\n        <icon class=\"show-more-less-html__button-icon show-more-less-button-icon lazy-loaded\" aria-hidden=\"true\" aria-busy=\"false\"><svg xmlns=\"http://www.w3.org/2000/svg\" width=\"16\" height=\"16\" preserveAspectRatio=\"xMinYMin meet\" focusable=\"false\" class=\"lazy-loaded\" aria-busy=\"false\"><path d=\"M8 7l-5.9 4L1 9.5l6.2-4.2c.5-.3 1.2-.3 1.7 0L15 9.5 13.9 11 8 7z\" fill=\"currentColor\"></path></svg></icon>\n    </button>\n  \n    </section>\n  \n    </div>",
        "date": "2023-05-06",
        "insights": []
    },
    {
        "job_id": "3636418418",
        "link": "https://br.linkedin.com/jobs/view/mobile-access-backhaul-development-se-t%C3%A9cnico-a-s%C3%AAnior-vaga-dedicada-%C3%A0-pessoa-com-defici%C3%AAncia-at-tim-brasil-3636418418?refId=5y%2Bg9rgv7uB3rTFjIFM1Gg%3D%3D&trackingId=140t36CrmxUi%2F%2F%2BP5WwfGg%3D%3D&position=3&pageNum=0&trk=public_jobs_jserp-result_search-card",
        "apply_link": "",
        "title": "Mobile Access & Backhaul Development SE - T\u00e9cnico(a) S\u00eanior (Vaga dedicada \u00e0 pessoa com defici\u00eancia)",
        "company": "TIM Brasil",
        "company_link": "",
        "company_img_link": "",
        "place": "Rio de Janeiro, Rio de Janeiro, Brazil",
        "description": "Descri\u00e7\u00e3o do perfil\n\nRespons\u00e1vel pela elabora\u00e7\u00e3o do projeto de Radio Frequ\u00eancia, avaliando as solu\u00e7\u00f5es a serem planejadas e implementadas para garantir a capacidade da rede, interagindo com a \u00e1rea de Implanta\u00e7\u00e3o, HQ e Vendors, sempre visando garantir a sustentabilidade do neg\u00f3cio e ambiental.\n\n\n\n\nPrincipais atividades\n\nProjetar solu\u00e7\u00f5es para evolu\u00e7\u00e3o da rede de acesso e garantira da capacidade;\nProjetar solu\u00e7\u00f5es para o Agroneg\u00f3cio e fazer a interface com as \u00e1reas corporativas;\nAnalisar solu\u00e7\u00f5es de Radio Frequencia;\nAvaliar a Documenta\u00e7\u00f5es de Projeto de Radio Frequencia enviados pelos Vendors;\nRealizar a predi\u00e7\u00e3o de cobertura com ferramentas espec\u00edficas (Guitar);\nRealizar a gest\u00e3o de base de dados de equipamentos NGNIS/Spazio;\nFazer a gest\u00e3o da ferramenta Netflow;\nFazer a gest\u00e3o e tratativa de demandas no xtts (ASAC/GDR);\nControlar e gestionar a base de dados de acesso;\nRealizar analise de cobertura em suporte \u00e0 \u00e1rea Comercial.\n\n\n\n\nConhecimento, Experi\u00eancia, Forma\u00e7\u00e3o\n\nConhecimento em Tecnologias de Rede Acesso e TX (3G, 4G e 5G, MW, FO, IOT, etc);\nConhecimento em Ferramenta de predi\u00e7\u00e3o Guitar;\nConhecimento em Plataformas internas de rede;\nConhecimento em Ferramentas de KPIs;\nConhecimento em impactos ambientais oriundos da aplica\u00e7\u00e3o de funcionalidades;\nDesej\u00e1vel est\u00e1gio / conhecimento na \u00e1rea de engenharia de rede m\u00f3vel de operadora de telecomunica\u00e7\u00f5es;\nForma\u00e7\u00e3o T\u00e9cnico Completo ou Superior Cursando ou Completa em Telecomunica\u00e7\u00f5es, Eletr\u00f4nica, El\u00e9trica, ou afins.\n\n\n\n\n\n\n\nNa TIM, o seu bem-estar \u00e9 o nosso bem-estar, por isso o programa Conex\u00e3o Bem + Estar tem o prop\u00f3sito de fortalecer o cuidado genu\u00edno da TIM com o TIMe e suas fam\u00edlias, por meio de iniciativas pr\u00e1ticas em diversas frentes para todos e todas estarem sempre bem, na vida pessoal e profissional.\n\n\n\n\nFique por dentro dos nossos benef\u00edcios:\n\n\n\n\n\u2022 Assist\u00eancia M\u00e9dica e Odontol\u00f3gica *\n\n\u2022 Benef\u00edcio Medicamentos *\n\n\u2022 Gympass *\n\n\u2022 Vale Alimenta\u00e7\u00e3o e/ou Refei\u00e7\u00e3o\n\n\u2022 Vale Transporte\n\n\u2022 Previd\u00eancia Privada\n\n\u2022 Aparelho celular com Internet Ilimitada e franquia de Voz\n\n\u2022 Curso de ingl\u00eas online extens\u00edvel a 1 familiar ou amigo\n\n\u2022 Programa de Treinamento e Capacita\u00e7\u00e3o Internos\n\n\u2022 Participa\u00e7\u00e3o nos Lucros\n\n\u2022 Beneflex (Para cargos a partir de Senior Manager)\n\n\u2022 Meu primeiro benef\u00edcio - Aux\u00edlio para filhos at\u00e9 2 anos de idade\n\n\u2022 Reembolso Creche (para pais e m\u00e3es)\n\n\u2022 Modelos de trabalho e jornada flex\u00edveis\n\n\u2022 Happy Day - Dia de folga no m\u00eas do anivers\u00e1rio\n\nE outros!\n\nShow more ",
        "description_html": "<div class=\"description__text description__text--rich\">\n      \n    <section data-max-lines=\"5\" class=\"show-more-less-html\">\n      <div class=\"show-more-less-html__markup show-more-less-html__markup--clamp-after-5\n          relative overflow-hidden\">\n        <p><strong>Descri\u00e7\u00e3o do perfil</strong></p><p>Respons\u00e1vel pela elabora\u00e7\u00e3o do projeto de Radio Frequ\u00eancia, avaliando as solu\u00e7\u00f5es a serem planejadas e implementadas para garantir a capacidade da rede, interagindo com a \u00e1rea de Implanta\u00e7\u00e3o, HQ e Vendors, sempre visando garantir a sustentabilidade do neg\u00f3cio e ambiental.</p><p><br></p><p><strong>Principais atividades</strong></p><ul><li>Projetar solu\u00e7\u00f5es para evolu\u00e7\u00e3o da rede de acesso e garantira da capacidade;</li><li>Projetar solu\u00e7\u00f5es para o Agroneg\u00f3cio e fazer a interface com as \u00e1reas corporativas;</li><li>Analisar solu\u00e7\u00f5es de Radio Frequencia;</li><li>Avaliar a Documenta\u00e7\u00f5es de Projeto de Radio Frequencia enviados pelos Vendors;</li><li>Realizar a predi\u00e7\u00e3o de cobertura com ferramentas espec\u00edficas (Guitar);</li><li>Realizar a gest\u00e3o de base de dados de equipamentos NGNIS/Spazio;</li><li>Fazer a gest\u00e3o da ferramenta Netflow;</li><li>Fazer a gest\u00e3o e tratativa de demandas no xtts (ASAC/GDR);</li><li>Controlar e gestionar a base de dados de acesso;</li><li>Realizar analise de cobertura em suporte \u00e0 \u00e1rea Comercial.</li></ul><p><br></p><p><strong>Conhecimento, Experi\u00eancia, Forma\u00e7\u00e3o</strong></p><ul><li>Conhecimento em Tecnologias de Rede Acesso e TX (3G, 4G e 5G, MW, FO, IOT, etc);</li><li>Conhecimento em Ferramenta de predi\u00e7\u00e3o Guitar;</li><li>Conhecimento em Plataformas internas de rede;</li><li>Conhecimento em Ferramentas de KPIs;</li><li>Conhecimento em impactos ambientais oriundos da aplica\u00e7\u00e3o de funcionalidades;</li><li>Desej\u00e1vel est\u00e1gio / conhecimento na \u00e1rea de engenharia de rede m\u00f3vel de operadora de telecomunica\u00e7\u00f5es;</li><li>Forma\u00e7\u00e3o T\u00e9cnico Completo ou Superior Cursando ou Completa em Telecomunica\u00e7\u00f5es, Eletr\u00f4nica, El\u00e9trica, ou afins.</li></ul><p><br></p><p><br></p><p>Na TIM, o seu bem-estar \u00e9 o nosso bem-estar, por isso o programa <em>Conex\u00e3o Bem + Estar</em> tem o prop\u00f3sito de fortalecer o cuidado genu\u00edno da TIM com o TIMe e suas fam\u00edlias, por meio de iniciativas pr\u00e1ticas em diversas frentes para todos e todas estarem sempre bem, na vida pessoal e profissional.</p><p><br></p><p>Fique por dentro dos nossos benef\u00edcios:</p><p><br></p><p>\u2022 Assist\u00eancia M\u00e9dica e Odontol\u00f3gica *</p><p>\u2022 Benef\u00edcio Medicamentos *</p><p>\u2022 Gympass *</p><p>\u2022 Vale Alimenta\u00e7\u00e3o e/ou Refei\u00e7\u00e3o</p><p>\u2022 Vale Transporte</p><p>\u2022 Previd\u00eancia Privada</p><p>\u2022 Aparelho celular com Internet Ilimitada e franquia de Voz</p><p>\u2022 Curso de ingl\u00eas online extens\u00edvel a 1 familiar ou amigo</p><p>\u2022 Programa de Treinamento e Capacita\u00e7\u00e3o Internos</p><p>\u2022 Participa\u00e7\u00e3o nos Lucros</p><p>\u2022 Beneflex (Para cargos a partir de Senior Manager)</p><p>\u2022 Meu primeiro benef\u00edcio - Aux\u00edlio para filhos at\u00e9 2 anos de idade</p><p>\u2022 Reembolso Creche (para pais e m\u00e3es)</p><p>\u2022 Modelos de trabalho e jornada flex\u00edveis</p><p>\u2022 <em>Happy Day</em> - Dia de folga no m\u00eas do anivers\u00e1rio</p><p>E outros!</p>\n      </div>\n\n        \n\n    \n    \n    \n\n    <button aria-expanded=\"false\" aria-label=\"Show more, visually expands previously read content above\" data-tracking-control-name=\"public_jobs_show-more-html-btn\" class=\"show-more-less-html__button show-more-less-button\n        show-more-less-html__button--more\n        !ml-0.5\">\n        Show more\n\n        <icon class=\"show-more-less-html__button-icon show-more-less-button-icon lazy-loaded\" aria-hidden=\"true\" aria-busy=\"false\"><svg xmlns=\"http://www.w3.org/2000/svg\" width=\"16\" height=\"16\" preserveAspectRatio=\"xMinYMin meet\" focusable=\"false\" class=\"lazy-loaded\" aria-busy=\"false\"><path d=\"M8 9l5.93-4L15 6.54l-6.15 4.2a1.5 1.5 0 01-1.69 0L1 6.54 2.07 5z\" fill=\"currentColor\"></path></svg></icon>\n    </button>\n  \n\n        \n\n    \n    \n    \n\n    <button aria-expanded=\"true\" aria-label=\"Show less\" data-tracking-control-name=\"public_jobs_show-less-html-btn\" class=\"show-more-less-html__button show-more-less-button\n        show-more-less-html__button--less\n        !ml-0.5\">\n        Show less\n\n        <icon class=\"show-more-less-html__button-icon show-more-less-button-icon lazy-loaded\" aria-hidden=\"true\" aria-busy=\"false\"><svg xmlns=\"http://www.w3.org/2000/svg\" width=\"16\" height=\"16\" preserveAspectRatio=\"xMinYMin meet\" focusable=\"false\" class=\"lazy-loaded\" aria-busy=\"false\"><path d=\"M8 7l-5.9 4L1 9.5l6.2-4.2c.5-.3 1.2-.3 1.7 0L15 9.5 13.9 11 8 7z\" fill=\"currentColor\"></path></svg></icon>\n    </button>\n  \n    </section>\n  \n    </div>",
        "date": "2023-06-16",
        "insights": []
    },
    {
        "job_id": "3627590314",
        "link": "https://br.linkedin.com/jobs/view/lab-talent-professional-2%C2%AA-turma-at-serh-consultoria-3627590314?refId=gnt7IJW1RMiKCYSXbwZRyA%3D%3D&trackingId=cYFDHxdYWahVMJslW5Qadg%3D%3D&position=1&pageNum=0&trk=public_jobs_jserp-result_search-card",
        "apply_link": "",
        "title": "Lab Talent Professional - 2\u00aa Turma",
        "company": "Serh Consultoria",
        "company_link": "",
        "company_img_link": "",
        "place": "Fortaleza, Cear\u00e1, Brazil",
        "description": "N\u00edvel: Estagi\u00e1rio\n\nCursos de: engenharia de produ\u00e7\u00e3o,Administa\u00e7\u00e3o,bacharelado em engenharia mecatr\u00f4nica,Bacharelado em Engenharia Mec\u00e2nica,Engenharia Eletrica,Bacharelado em engenharia civil,Adm.de recursos humanos,Administra\u00e7\u00e3o,Contabilidade,Economia,Bacharelado em Medicina Veterin\u00e1ria,Agronomia,Bacharelado em Zootecnia,Engenharia industrial,Engenharia Processos de Produ\u00e7\u00e3o,Bacharelado em Engenharia da Computa\u00e7\u00e3o,bacharelado ads,Bacharelado em Engenharia de Telecomunica\u00e7\u00f5es,Adm Hoteleira & Turismo,Bacharelado em Turismo,Bacharel em Hotelaria,Bacharelado em ciencias da computa\u00e7\u00e3o,Bacharela em Ciencias Contabeis,Bacharel em ciencia e tecnologia\n\nEscolaridade: Gradua\u00e7\u00e3o - Cursando\n\nTipo de contrato: Estagi\u00e1rio\n\nJornada de trabalho: -Forma\u00e7\u00e3o composta por conte\u00fados relevantes para o contexto corporativo;-Visitas t\u00e9cnicas e trabalhos aplicados em organiza\u00e7\u00f5es parceiras e suportados por mentores com experi\u00eancia de mercado;-Est\u00e1gio remunerado junto as empresas patrocinadoras com supervis\u00e3o constante;-Participa\u00e7\u00e3o ativa das empresas patrocinadoras na adequa\u00e7\u00e3o e alinhamento dos talents aos seus neg\u00f3cios;-Viv\u00eancias do cotidiano de diferentes \u00e1reas da empresa atrav\u00e9s de job rotation.\n\nResponsabilidades e Experi\u00eancias Desej\u00e1veis\n\nA aceleradora de Talents oferece a voc\u00ea estudante, a oportunidade de desenvolver uma carreira de sucesso atrav\u00e9s do desenvolvimento de seus conhecimentos e habilidades. Al\u00e9m disso, voc\u00ea ter\u00e1 a chance de fazer parte de projetos reais, trabalhando em equipes com profissionais experientes das empresas madrinhas.\n\nO est\u00e1gio remunerado oferecido pelas empresas madrinhas \u00e9 uma oportunidade \u00fanica para voc\u00ea estudante aplicar o aprendizado em um ambiente de trabalho real, ganhando experi\u00eancia pr\u00e1tica valiosa.\n\nPor meio do Lab Talent, voc\u00ea estudante ter\u00e1 uma vantagem competitiva no mercado de trabalho e estar\u00e1 preparado para se destacarem em suas futuras carreiras.\nShow more ",
        "description_html": "<div class=\"description__text description__text--rich\">\n      \n    <section data-max-lines=\"5\" class=\"show-more-less-html\">\n      <div class=\"show-more-less-html__markup show-more-less-html__markup--clamp-after-5\n          relative overflow-hidden\">\n        <strong>N\u00edvel: </strong>Estagi\u00e1rio<br><br><strong>Cursos de: </strong>engenharia de produ\u00e7\u00e3o,Administa\u00e7\u00e3o,bacharelado em engenharia mecatr\u00f4nica,Bacharelado em Engenharia Mec\u00e2nica,Engenharia Eletrica,Bacharelado em engenharia civil,Adm.de recursos humanos,Administra\u00e7\u00e3o,Contabilidade,Economia,Bacharelado em Medicina Veterin\u00e1ria,Agronomia,Bacharelado em Zootecnia,Engenharia industrial,Engenharia Processos de Produ\u00e7\u00e3o,Bacharelado em Engenharia da Computa\u00e7\u00e3o,bacharelado ads,Bacharelado em Engenharia de Telecomunica\u00e7\u00f5es,Adm Hoteleira &amp; Turismo,Bacharelado em Turismo,Bacharel em Hotelaria,Bacharelado em ciencias da computa\u00e7\u00e3o,Bacharela em Ciencias Contabeis,Bacharel em ciencia e tecnologia<br><br><strong>Escolaridade: </strong>Gradua\u00e7\u00e3o - Cursando<br><br><strong>Tipo de contrato: </strong>Estagi\u00e1rio<br><br><strong>Jornada de trabalho: </strong>-Forma\u00e7\u00e3o composta por conte\u00fados relevantes para o contexto corporativo;-Visitas t\u00e9cnicas e trabalhos aplicados em organiza\u00e7\u00f5es parceiras e suportados por mentores com experi\u00eancia de mercado;-Est\u00e1gio remunerado junto as empresas patrocinadoras com supervis\u00e3o constante;-Participa\u00e7\u00e3o ativa das empresas patrocinadoras na adequa\u00e7\u00e3o e alinhamento dos talents aos seus neg\u00f3cios;-Viv\u00eancias do cotidiano de diferentes \u00e1reas da empresa atrav\u00e9s de job rotation.<br><br><strong><u>Responsabilidades e Experi\u00eancias Desej\u00e1veis<br><br></u></strong>A aceleradora de Talents oferece a voc\u00ea estudante, a oportunidade de desenvolver uma carreira de sucesso atrav\u00e9s do desenvolvimento de seus conhecimentos e habilidades. Al\u00e9m disso, voc\u00ea ter\u00e1 a chance de fazer parte de projetos reais, trabalhando em equipes com profissionais experientes das empresas madrinhas.<br><br>O est\u00e1gio remunerado oferecido pelas empresas madrinhas \u00e9 uma oportunidade \u00fanica para voc\u00ea estudante aplicar o aprendizado em um ambiente de trabalho real, ganhando experi\u00eancia pr\u00e1tica valiosa.<br><br>Por meio do Lab Talent, voc\u00ea estudante ter\u00e1 uma vantagem competitiva no mercado de trabalho e estar\u00e1 preparado para se destacarem em suas futuras carreiras.\n      </div>\n\n        \n\n    \n    \n    \n\n    <button aria-expanded=\"false\" aria-label=\"Show more, visually expands previously read content above\" data-tracking-control-name=\"public_jobs_show-more-html-btn\" class=\"show-more-less-html__button show-more-less-button\n        show-more-less-html__button--more\n        !ml-0.5\">\n        Show more\n\n        <icon class=\"show-more-less-html__button-icon show-more-less-button-icon lazy-loaded\" aria-hidden=\"true\" aria-busy=\"false\"><svg xmlns=\"http://www.w3.org/2000/svg\" width=\"16\" height=\"16\" preserveAspectRatio=\"xMinYMin meet\" focusable=\"false\" class=\"lazy-loaded\" aria-busy=\"false\"><path d=\"M8 9l5.93-4L15 6.54l-6.15 4.2a1.5 1.5 0 01-1.69 0L1 6.54 2.07 5z\" fill=\"currentColor\"></path></svg></icon>\n    </button>\n  \n\n        \n\n    \n    \n    \n\n    <button aria-expanded=\"true\" aria-label=\"Show less\" data-tracking-control-name=\"public_jobs_show-less-html-btn\" class=\"show-more-less-html__button show-more-less-button\n        show-more-less-html__button--less\n        !ml-0.5\">\n        Show less\n\n        <icon class=\"show-more-less-html__button-icon show-more-less-button-icon lazy-loaded\" aria-hidden=\"true\" aria-busy=\"false\"><svg xmlns=\"http://www.w3.org/2000/svg\" width=\"16\" height=\"16\" preserveAspectRatio=\"xMinYMin meet\" focusable=\"false\" class=\"lazy-loaded\" aria-busy=\"false\"><path d=\"M8 7l-5.9 4L1 9.5l6.2-4.2c.5-.3 1.2-.3 1.7 0L15 9.5 13.9 11 8 7z\" fill=\"currentColor\"></path></svg></icon>\n    </button>\n  \n    </section>\n  \n    </div>",
        "date": "2023-06-05",
        "insights": []
    },
    {
        "job_id": "3593515247",
        "link": "https://br.linkedin.com/jobs/view/est%C3%A1gio-em-engenharia-atua%C3%A7%C3%A3o-em-projetos-de-telecomunica%C3%A7%C3%B5es-at-huawei-brasil-3593515247?refId=gnt7IJW1RMiKCYSXbwZRyA%3D%3D&trackingId=6TY6dBkwi3QgiRygpQC0Fw%3D%3D&position=2&pageNum=0&trk=public_jobs_jserp-result_search-card",
        "apply_link": "",
        "title": "Est\u00e1gio em Engenharia Atua\u00e7\u00e3o em Projetos de Telecomunica\u00e7\u00f5es",
        "company": "Huawei Brasil",
        "company_link": "",
        "company_img_link": "",
        "place": "Rio de Janeiro, Rio de Janeiro, Brazil",
        "description": "Descripci\u00f3n\n\n\n\n\nDescri\u00e7\u00e3o:\n\n\n\n\nHuawei is a leading global provider of information and communications technology (ICT) infrastructure and smart devices. With integrated solutions across four key domains \u2013 telecom networks, IT, smart devices, and cloud services \u2013 we are committed to bringing digital to every person, home and organization for a fully connected, intelligent world.\n\n\n\n\nAt Huawei, innovation focuses on customer needs. We invest heavily in basic research, concentrating on technological breakthroughs that drive the world forward. We have more than 180,000 employees, and we operate in more than 170 countries and regions.\n\n\n\n\nHuawei's end-to-end portfolio of products, solutions and services are both competitive and secure. Through open collaboration with ecosystem partners, we create lasting value for our customers, working to empower people, enrich home life, and inspire innovation in organizations of all shapes and sizes.\n\n\n\n\nResponsibility Description:\n\n\n\n\nAssist in monitoring the daily activities of the projects;\nSupport in communicating the progress of projects;\nAssist in the collection and analysis of project support data (PDCA);\nAssist in the preparation of control reports and analysis of project progress\n\n\n\n\nProfessional Knowledge:\n\n\n\n\nStudent of Telecommunications Engineering, Electrical Engineering, Production Engineering or related areas;\nKnowledge of programming languages,\nGood communication;\n\n\n\n\nBusiness Skill:\n\n\n\n\nAdvanced Excel (VBA)\nAdvanced English;\n\n\n\n\nAviso de Privacidade\n\n\n\n\nN\u00f3s nos comprometemos a proteger a sua privacidade de acordo com a legisla\u00e7\u00e3o local de privacidade de dados, no Brasil a Lei Geral de Prote\u00e7\u00e3o de Dados (LGPD). Leia e entenda nosso Aviso de Privacidade de Recrutamento antes de enviar seus dados pessoais \u00e0 Huawei para que voc\u00ea entenda completamente como processamos e gerenciamos seus dados pessoais recebidos.\n\n\n\n\nSe voc\u00ea tiver alguma d\u00favida em rela\u00e7\u00e3o \u00e0 Privacidade de Dados da Huawei, entre em contato conosco atrav\u00e9s do link: https://www.huawei.com/br/personal-data-request/\n\n\n\n\nIdiomas:\n\n\n\n\nIngl\u00eas - N\u00edvel Intermedi\u00e1rio\nShow more ",
        "description_html": "<div class=\"description__text description__text--rich\">\n      \n    <section data-max-lines=\"5\" class=\"show-more-less-html\">\n      <div class=\"show-more-less-html__markup show-more-less-html__markup--clamp-after-5\n          relative overflow-hidden\">\n        Descripci\u00f3n<p><br></p><strong>Descri\u00e7\u00e3o</strong>:<p><br></p>Huawei is a leading global provider of information and communications technology (ICT) infrastructure and smart devices. With integrated solutions across four key domains \u2013 telecom networks, IT, smart devices, and cloud services \u2013 we are committed to bringing digital to every person, home and organization for a fully connected, intelligent world.<p><br></p>At Huawei, innovation focuses on customer needs. We invest heavily in basic research, concentrating on technological breakthroughs that drive the world forward. We have more than 180,000 employees, and we operate in more than 170 countries and regions.<p><br></p>Huawei's end-to-end portfolio of products, solutions and services are both competitive and secure. Through open collaboration with ecosystem partners, we create lasting value for our customers, working to empower people, enrich home life, and inspire innovation in organizations of all shapes and sizes.<p><br></p><strong>Responsibility Description: </strong><p><br></p><ul><li>Assist in monitoring the daily activities of the projects;</li><li>Support in communicating the progress of projects;</li><li>Assist in the collection and analysis of project support data (PDCA);</li><li>Assist in the preparation of control reports and analysis of project progress</li></ul><p><br></p><strong>Professional Knowledge:</strong><p><br></p><ul><li>Student of Telecommunications Engineering, Electrical Engineering, Production Engineering or related areas;</li><li>Knowledge of programming languages,</li><li>Good communication;</li></ul><p><br></p><strong>Business Skill:</strong><p><br></p><ul><li>Advanced Excel (VBA)</li><li>Advanced English;</li></ul><p><br></p>Aviso de Privacidade<p><br></p>N\u00f3s nos comprometemos a proteger a sua privacidade de acordo com a legisla\u00e7\u00e3o local de privacidade de dados, no Brasil a Lei Geral de Prote\u00e7\u00e3o de Dados (LGPD). Leia e entenda nosso Aviso de Privacidade de Recrutamento antes de enviar seus dados pessoais \u00e0 Huawei para que voc\u00ea entenda completamente como processamos e gerenciamos seus dados pessoais recebidos.<p><br></p>Se voc\u00ea tiver alguma d\u00favida em rela\u00e7\u00e3o \u00e0 Privacidade de Dados da Huawei, entre em contato conosco atrav\u00e9s do link: https://www.huawei.com/br/personal-data-request/<p><br></p><strong>Idiomas</strong>:<p><br></p>Ingl\u00eas - N\u00edvel Intermedi\u00e1rio\n      </div>\n\n        \n\n    \n    \n    \n\n    <button aria-expanded=\"false\" aria-label=\"Show more, visually expands previously read content above\" data-tracking-control-name=\"public_jobs_show-more-html-btn\" class=\"show-more-less-html__button show-more-less-button\n        show-more-less-html__button--more\n        !ml-0.5\">\n        Show more\n\n        <icon class=\"show-more-less-html__button-icon show-more-less-button-icon lazy-loaded\" aria-hidden=\"true\" aria-busy=\"false\"><svg xmlns=\"http://www.w3.org/2000/svg\" width=\"16\" height=\"16\" preserveAspectRatio=\"xMinYMin meet\" focusable=\"false\" class=\"lazy-loaded\" aria-busy=\"false\"><path d=\"M8 9l5.93-4L15 6.54l-6.15 4.2a1.5 1.5 0 01-1.69 0L1 6.54 2.07 5z\" fill=\"currentColor\"></path></svg></icon>\n    </button>\n  \n\n        \n\n    \n    \n    \n\n    <button aria-expanded=\"true\" aria-label=\"Show less\" data-tracking-control-name=\"public_jobs_show-less-html-btn\" class=\"show-more-less-html__button show-more-less-button\n        show-more-less-html__button--less\n        !ml-0.5\">\n        Show less\n\n        <icon class=\"show-more-less-html__button-icon show-more-less-button-icon lazy-loaded\" aria-hidden=\"true\" aria-busy=\"false\"><svg xmlns=\"http://www.w3.org/2000/svg\" width=\"16\" height=\"16\" preserveAspectRatio=\"xMinYMin meet\" focusable=\"false\" class=\"lazy-loaded\" aria-busy=\"false\"><path d=\"M8 7l-5.9 4L1 9.5l6.2-4.2c.5-.3 1.2-.3 1.7 0L15 9.5 13.9 11 8 7z\" fill=\"currentColor\"></path></svg></icon>\n    </button>\n  \n    </section>\n  \n    </div>",
        "date": "2023-05-02",
        "insights": []
    },
    {
        "job_id": "3599692199",
        "link": "https://br.linkedin.com/jobs/view/est%C3%A1gio-engenharia-el%C3%A9trica-at-mundivox-communications-3599692199?refId=gnt7IJW1RMiKCYSXbwZRyA%3D%3D&trackingId=yna0IOJKBH2pm0gXgtBJbQ%3D%3D&position=3&pageNum=0&trk=public_jobs_jserp-result_search-card",
        "apply_link": "",
        "title": "EST\u00c1GIO - ENGENHARIA EL\u00c9TRICA",
        "company": "Mundivox Communications",
        "company_link": "",
        "company_img_link": "",
        "place": "Rio de Janeiro, Rio de Janeiro, Brazil",
        "description": "Vaga de EST\u00c1GIO - ENGENHARIA EL\u00c9TRICA em Rio de Janeiro. A combinar. Per\u00edodo Integral. Est\u00e1gio \u00c1rea e especializa\u00e7\u00e3o profissional: Engenharia - Engenharia Telecomunica\u00e7\u00f5es N\u00edvel hier\u00e1rquico: Estagi\u00e1rio Local de trabalho: Rio de Janeiro, RJ Regime de contrata\u00e7\u00e3o de tipo Est\u00e1gio Jornada Per\u00edodo Integral CONTROLAR AS INTERCONEX\u00d5ES COM AS OPERADORAS, TRATANDO AS AMPLIA\u00c7\u00d5ES SEMPRE QUE NECESS\u00c1RIAS E CONTROLAR AS FALHAS;\n\nREALIZAR APROVISIONAMENTO, OPERA\u00c7\u00c3O, MANUTEN\u00c7\u00c3O E AMPLIA\u00c7\u00c3O DAS PLATAFORMAS NGN;\n\nDESENVOLVER RELAT\u00d3RIOS E FERRAMENTAS CUSTOMIZADAS;\n\nREALIZAR INTERFACE DIRETA COM OS FORNECEDORES AFIM DE MANTER E AMPLIAR AS SOLU\u00c7\u00d5ES;\n\nHOMOLOGAR NOVOS EQUIPAMENTOS E GERAR SCRIPTS DE PROVISIONAMENTO;\n\nSUPORTE AS EQUIPES DE RECUPERA\u00c7\u00c3O EM CASOS INCOMUNS;\n\nMANTER ATUALIZADO BANCO DE DADOS COM FACILIDADES DE CLIENTES NGN;\n\nANALISAR E INTERPRETAR DE INDICADORES DE QUALIDADE DA REDE PARA TOMADA DE DECIS\u00c3O. Benef\u00edcios adicionais: Seguro de Vida, Vale-transporte\nShow more ",
        "description_html": "<div class=\"description__text description__text--rich\">\n      \n    <section data-max-lines=\"5\" class=\"show-more-less-html\">\n      <div class=\"show-more-less-html__markup show-more-less-html__markup--clamp-after-5\n          relative overflow-hidden\">\n        Vaga de EST\u00c1GIO - ENGENHARIA EL\u00c9TRICA em Rio de Janeiro. A combinar. Per\u00edodo Integral. Est\u00e1gio \u00c1rea e especializa\u00e7\u00e3o profissional: Engenharia - Engenharia Telecomunica\u00e7\u00f5es N\u00edvel hier\u00e1rquico: Estagi\u00e1rio Local de trabalho: Rio de Janeiro, RJ Regime de contrata\u00e7\u00e3o de tipo Est\u00e1gio Jornada Per\u00edodo Integral CONTROLAR AS INTERCONEX\u00d5ES COM AS OPERADORAS, TRATANDO AS AMPLIA\u00c7\u00d5ES SEMPRE QUE NECESS\u00c1RIAS E CONTROLAR AS FALHAS;<br><br>REALIZAR APROVISIONAMENTO, OPERA\u00c7\u00c3O, MANUTEN\u00c7\u00c3O E AMPLIA\u00c7\u00c3O DAS PLATAFORMAS NGN;<br><br>DESENVOLVER RELAT\u00d3RIOS E FERRAMENTAS CUSTOMIZADAS;<br><br>REALIZAR INTERFACE DIRETA COM OS FORNECEDORES AFIM DE MANTER E AMPLIAR AS SOLU\u00c7\u00d5ES;<br><br>HOMOLOGAR NOVOS EQUIPAMENTOS E GERAR SCRIPTS DE PROVISIONAMENTO;<br><br>SUPORTE AS EQUIPES DE RECUPERA\u00c7\u00c3O EM CASOS INCOMUNS;<br><br>MANTER ATUALIZADO BANCO DE DADOS COM FACILIDADES DE CLIENTES NGN;<br><br>ANALISAR E INTERPRETAR DE INDICADORES DE QUALIDADE DA REDE PARA TOMADA DE DECIS\u00c3O. Benef\u00edcios adicionais: Seguro de Vida, Vale-transporte\n      </div>\n\n        \n\n    \n    \n    \n\n    <button aria-expanded=\"false\" aria-label=\"Show more, visually expands previously read content above\" data-tracking-control-name=\"public_jobs_show-more-html-btn\" class=\"show-more-less-html__button show-more-less-button\n        show-more-less-html__button--more\n        !ml-0.5\">\n        Show more\n\n        <icon class=\"show-more-less-html__button-icon show-more-less-button-icon lazy-loaded\" aria-hidden=\"true\" aria-busy=\"false\"><svg xmlns=\"http://www.w3.org/2000/svg\" width=\"16\" height=\"16\" preserveAspectRatio=\"xMinYMin meet\" focusable=\"false\" class=\"lazy-loaded\" aria-busy=\"false\"><path d=\"M8 9l5.93-4L15 6.54l-6.15 4.2a1.5 1.5 0 01-1.69 0L1 6.54 2.07 5z\" fill=\"currentColor\"></path></svg></icon>\n    </button>\n  \n\n        \n\n    \n    \n    \n\n    <button aria-expanded=\"true\" aria-label=\"Show less\" data-tracking-control-name=\"public_jobs_show-less-html-btn\" class=\"show-more-less-html__button show-more-less-button\n        show-more-less-html__button--less\n        !ml-0.5\">\n        Show less\n\n        <icon class=\"show-more-less-html__button-icon show-more-less-button-icon lazy-loaded\" aria-hidden=\"true\" aria-busy=\"false\"><svg xmlns=\"http://www.w3.org/2000/svg\" width=\"16\" height=\"16\" preserveAspectRatio=\"xMinYMin meet\" focusable=\"false\" class=\"lazy-loaded\" aria-busy=\"false\"><path d=\"M8 7l-5.9 4L1 9.5l6.2-4.2c.5-.3 1.2-.3 1.7 0L15 9.5 13.9 11 8 7z\" fill=\"currentColor\"></path></svg></icon>\n    </button>\n  \n    </section>\n  \n    </div>",
        "date": "2023-05-06",
        "insights": []
    },
    {
        "job_id": "3631054282",
        "link": "https://br.linkedin.com/jobs/view/estagi%C3%A1rio-de-projetos-at-grupo-friope%C3%A7as-3631054282?refId=gnt7IJW1RMiKCYSXbwZRyA%3D%3D&trackingId=9vMu5p1zbC%2BFzm0LtgdF4g%3D%3D&position=5&pageNum=0&trk=public_jobs_jserp-result_search-card",
        "apply_link": "",
        "title": "Estagi\u00e1rio de Projetos",
        "company": "Grupo Friope\u00e7as",
        "company_link": "",
        "company_img_link": "",
        "place": "Belo Horizonte, Minas Gerais, Brazil",
        "description": "DESCRI\u00c7\u00c3O\n\nApoiar no gerenciar de projetos em Tecnologia da Informa\u00e7\u00e3o garantindo os resultados propostos e satisfa\u00e7\u00e3o de todos os p\u00fablicos, visando sempre a qualidade, cumprimento dos prazos e or\u00e7amento.\n\nQuais ser\u00e3o seus desafios?\n\nLiderar projetos de Tecnologia da Informa\u00e7\u00e3o, atuando em todo o ciclo de desenvolvimento ou manuten\u00e7\u00e3o de software;\n\nRealizar a capta\u00e7\u00e3o de requisitos, prototipa\u00e7\u00e3o, defini\u00e7\u00e3o de escopo junto \u00e0s \u00e1reas clientes;\n\nGerir equipe multidisciplinar pr\u00f3pria e terceira de acordo com o escopo do projeto.\n\nRecomendar a\u00e7\u00f5es de melhoria cont\u00ednua, em um ritmo que seja sustent\u00e1vel e apropriado.\n\nIdentificar, mapear, modelar e gerir processos de TI, permitindo a gest\u00e3o de performance orientada a processos.\n\nAtuar em harmonia com as metodologias \u00e1geis, apoiando a equipe na produ\u00e7\u00e3o de entreg\u00e1veis;\n\nRequisitos\n\nSuperior em andamento nos cursos de Ci\u00eancia da Computa\u00e7\u00e3o, Sistemas de Informa\u00e7\u00e3o ou Eng. da Computa\u00e7\u00e3o, Engenharia de Produ\u00e7\u00e3o ou Administra\u00e7\u00e3o;\n\nDesej\u00e1vel conhecimento em metodologias \u00e1geis de gest\u00e3o de projetos;\n\nLocal de trabalho: Belo Horizonte, MG\nRegime de contrata\u00e7\u00e3o de tipo: Est\u00e1gio\nJornada: Parcial manh\u00e3s\n\u00c1rea e especializa\u00e7\u00e3o profissional: Inform\u00e1tica, TI, Telecomunica\u00e7\u00f5es - TI\nN\u00edvel hier\u00e1rquico: Estagi\u00e1rio\nREQUISITOS\n\nEscolaridade M\u00ednima: Ensino Superior\n\nVALORIZADO\n\nTempo de experi\u00eancia: Sem experi\u00eancia\nShow more ",
        "description_html": "<div class=\"description__text description__text--rich\">\n      \n    <section data-max-lines=\"5\" class=\"show-more-less-html\">\n      <div class=\"show-more-less-html__markup show-more-less-html__markup--clamp-after-5\n          relative overflow-hidden\">\n        <strong>DESCRI\u00c7\u00c3O<br><br></strong>Apoiar no gerenciar de projetos em Tecnologia da Informa\u00e7\u00e3o garantindo os resultados propostos e satisfa\u00e7\u00e3o de todos os p\u00fablicos, visando sempre a qualidade, cumprimento dos prazos e or\u00e7amento.<br><br>Quais ser\u00e3o seus desafios?<br><br>Liderar projetos de Tecnologia da Informa\u00e7\u00e3o, atuando em todo o ciclo de desenvolvimento ou manuten\u00e7\u00e3o de software;<br><br>Realizar a capta\u00e7\u00e3o de requisitos, prototipa\u00e7\u00e3o, defini\u00e7\u00e3o de escopo junto \u00e0s \u00e1reas clientes;<br><br>Gerir equipe multidisciplinar pr\u00f3pria e terceira de acordo com o escopo do projeto.<br><br>Recomendar a\u00e7\u00f5es de melhoria cont\u00ednua, em um ritmo que seja sustent\u00e1vel e apropriado.<br><br>Identificar, mapear, modelar e gerir processos de TI, permitindo a gest\u00e3o de performance orientada a processos.<br><br>Atuar em harmonia com as metodologias \u00e1geis, apoiando a equipe na produ\u00e7\u00e3o de entreg\u00e1veis;<br><br><strong><u>Requisitos<br><br></u></strong>Superior em andamento nos cursos de Ci\u00eancia da Computa\u00e7\u00e3o, Sistemas de Informa\u00e7\u00e3o ou Eng. da Computa\u00e7\u00e3o, Engenharia de Produ\u00e7\u00e3o ou Administra\u00e7\u00e3o;<br><br>Desej\u00e1vel conhecimento em metodologias \u00e1geis de gest\u00e3o de projetos;<br><ul><li>Local de trabalho: Belo Horizonte, MG</li><li>Regime de contrata\u00e7\u00e3o de tipo: Est\u00e1gio</li><li>Jornada: Parcial manh\u00e3s</li><li>\u00c1rea e especializa\u00e7\u00e3o profissional: Inform\u00e1tica, TI, Telecomunica\u00e7\u00f5es - TI</li><li>N\u00edvel hier\u00e1rquico: Estagi\u00e1rio</li></ul><strong>REQUISITOS<br><br></strong><u>Escolaridade M\u00ednima:</u> Ensino Superior<br><br><strong>VALORIZADO<br><br></strong><u>Tempo de experi\u00eancia:</u> Sem experi\u00eancia\n      </div>\n\n        \n\n    \n    \n    \n\n    <button aria-expanded=\"false\" aria-label=\"Show more, visually expands previously read content above\" data-tracking-control-name=\"public_jobs_show-more-html-btn\" class=\"show-more-less-html__button show-more-less-button\n        show-more-less-html__button--more\n        !ml-0.5\">\n        Show more\n\n        <icon class=\"show-more-less-html__button-icon show-more-less-button-icon lazy-loaded\" aria-hidden=\"true\" aria-busy=\"false\"><svg xmlns=\"http://www.w3.org/2000/svg\" width=\"16\" height=\"16\" preserveAspectRatio=\"xMinYMin meet\" focusable=\"false\" class=\"lazy-loaded\" aria-busy=\"false\"><path d=\"M8 9l5.93-4L15 6.54l-6.15 4.2a1.5 1.5 0 01-1.69 0L1 6.54 2.07 5z\" fill=\"currentColor\"></path></svg></icon>\n    </button>\n  \n\n        \n\n    \n    \n    \n\n    <button aria-expanded=\"true\" aria-label=\"Show less\" data-tracking-control-name=\"public_jobs_show-less-html-btn\" class=\"show-more-less-html__button show-more-less-button\n        show-more-less-html__button--less\n        !ml-0.5\">\n        Show less\n\n        <icon class=\"show-more-less-html__button-icon show-more-less-button-icon lazy-loaded\" aria-hidden=\"true\" aria-busy=\"false\"><svg xmlns=\"http://www.w3.org/2000/svg\" width=\"16\" height=\"16\" preserveAspectRatio=\"xMinYMin meet\" focusable=\"false\" class=\"lazy-loaded\" aria-busy=\"false\"><path d=\"M8 7l-5.9 4L1 9.5l6.2-4.2c.5-.3 1.2-.3 1.7 0L15 9.5 13.9 11 8 7z\" fill=\"currentColor\"></path></svg></icon>\n    </button>\n  \n    </section>\n  \n    </div>",
        "date": "2023-06-08",
        "insights": []
    },
    {
        "job_id": "3615115379",
        "link": "https://br.linkedin.com/jobs/view/pessoa-estagi%C3%A1ria-em-engenharia-da-computa%C3%A7%C3%A3o-at-roost-3615115379?refId=gnt7IJW1RMiKCYSXbwZRyA%3D%3D&trackingId=AP0MpKvOgw9Z2U3USRzsNA%3D%3D&position=6&pageNum=0&trk=public_jobs_jserp-result_search-card",
        "apply_link": "",
        "title": "Pessoa Estagi\u00e1ria em Engenharia da Computa\u00e7\u00e3o",
        "company": "Roost",
        "company_link": "",
        "company_img_link": "",
        "place": "Bras\u00edlia, Federal District, Brazil",
        "description": "Somos Roost! \ud83d\udc9a\ud83d\udda4\n\nN\u00f3s revolucionamos, levando tecnologia e softwares at\u00e9 as extremidades de forma \u00e1gil e confi\u00e1vel, potencializando resultados e eliminando as dist\u00e2ncias do mundo f\u00edsico, aproximando informa\u00e7\u00f5es instantaneamente de grandes neg\u00f3cios e pessoas.\n\nAgora queremos que voc\u00ea fa\u00e7a parte desta revolu\u00e7\u00e3o!\n\nSua principal miss\u00e3o em nosso time de Engenharia como Pessoa Estagi\u00e1ria em Engenharia ser\u00e1 prestar apoio ao nosso time de engenharia da Roost nos processos t\u00e9cnicos de implanta\u00e7\u00e3o de projetos e manuten\u00e7\u00e3o de equipamentos de nossos clientes. \ud83d\ude80\n\nResponsabilidades e atribui\u00e7\u00f5es\n\nAo se juntar a n\u00f3s, seus principais desafios ser\u00e3o:\n\nExecutar testes de funcionamento de equipamentos de acordo com escopos ou roteiros definidos;\nDiagnosticar e substituir equipamentos danificados e/ou m\u00f3dulos de equipamentos;\nExecutar tarefas de atualiza\u00e7\u00e3o de sistemas e de firmware em equipamentos;\nAjudar a escrever, organizar e controlar documenta\u00e7\u00e3o de projetos;\nAplicar scripts pr\u00e9-definidos de configura\u00e7\u00e3o em equipamentos;\nInstalar equipamentos sob orienta\u00e7\u00e3o do time de engenharia.\n\n\nRequisitos e qualifica\u00e7\u00f5es\n\nBuscamos uma pessoa com as seguintes atribui\u00e7\u00f5es t\u00e9cnicas:\n\nEnsino Superior em Andamento nas \u00e1reas de Engenharia El\u00e9trica, Engenharia de Telecomunica\u00e7\u00f5es, Sistemas de Informa\u00e7\u00e3o ou \u00e1reas afins;\nConhecimento a n\u00edvel usu\u00e1rio do pacote office;\nConhecimento/Afinidade com \u00e1rea de T.I;\nConhecimento de Excel Intermedi\u00e1rio.\n\n\nN\u00e3o s\u00e3o conhecimentos obrigat\u00f3rios, mas vamos ficar de olho caso voc\u00ea tenha:\n\nBase em sistemas operacionais Windows e Linux;\nIngl\u00eas T\u00e9cnico (leitura de manuais e datasheet);\nBase em redes de computadores;\n\n\nHey, n\u00e3o perca essa chance de se candidatar a essa vaga, mesmo se a descri\u00e7\u00e3o menciona conceitos ou tecnologias que voc\u00ea ainda n\u00e3o conhece ou n\u00e3o domina. Na Roost, a gente sempre t\u00e1 incentivando a vontade de aprender e desenvolver novas habilidades. ;)\n\nInforma\u00e7\u00f5es adicionais\n\nNossos benef\u00edcios para posi\u00e7\u00f5es de est\u00e1gio s\u00e3o:\n\nVale alimenta\u00e7\u00e3o ou refei\u00e7\u00e3o, voc\u00ea pode escolher o melhor para voc\u00ea;\nVale transporte.\n\n\nEsses s\u00e3o alguns dos programas internos aqui da Roost:\n\nRoost Delas: Grupo de afinidade voltado para o empoderamento e apoio as nossas mulheres, tem como objetivo a promo\u00e7\u00e3o da equidade de g\u00eanero em todas as inst\u00e2ncias do nosso neg\u00f3cio.\nRoost Pride: Grupo de afinidade LGBTI+ voltado para discutir temas que promovam ambientes mais seguros e inclusivos, livres de discrimina\u00e7\u00f5es. \u00c9 um grupo aberto para todos que se identificam como parte da comunidade e tamb\u00e9m para todas as pessoas apoiadoras da causa.\nRoost Tech Talks: Este grupo tem o objetivo de fomentar em nossos colaboradores o desejo por conhecimento, a proposta dos encontros \u00e9 promover discuss\u00f5es a respeito de tem\u00e1ticas relacionadas ao campo da tecnologia.\n\n\nE a\u00ed, bora ser conectar com a gente e se tornar um Rooster? ;)\n\nA Roost adota uma pol\u00edtica para garantir controle e transpar\u00eancia no tratamento de dados de todas as pessoas, inclusive aquelas interessadas em fazer parte do nosso time. As informa\u00e7\u00f5es de candidatos \u00e0 vagas abertas na Roost durante o processo seletivo s\u00e3o tratadas rigorosamente de acordo com a LGPD. Para mais informa\u00e7\u00f5es, Leia nossa pol\u00edtica de privacidade.\nShow more ",
        "description_html": "<div class=\"description__text description__text--rich\">\n      \n    <section data-max-lines=\"5\" class=\"show-more-less-html\">\n      <div class=\"show-more-less-html__markup show-more-less-html__markup--clamp-after-5\n          relative overflow-hidden\">\n        <strong>Somos Roost! \ud83d\udc9a\ud83d\udda4<br><br></strong>N\u00f3s revolucionamos, levando tecnologia e softwares at\u00e9 as extremidades de forma \u00e1gil e confi\u00e1vel, potencializando resultados e eliminando as dist\u00e2ncias do mundo f\u00edsico, aproximando informa\u00e7\u00f5es instantaneamente de grandes neg\u00f3cios e pessoas.<br><br><strong>Agora queremos que voc\u00ea fa\u00e7a parte desta revolu\u00e7\u00e3o!<br><br></strong>Sua principal miss\u00e3o em nosso time de <strong>Engenharia </strong>como <strong>Pessoa Estagi\u00e1ria em Engenharia</strong> ser\u00e1 prestar apoio ao nosso time de engenharia da Roost nos processos t\u00e9cnicos de implanta\u00e7\u00e3o de projetos e manuten\u00e7\u00e3o de equipamentos de nossos clientes. \ud83d\ude80<br><br><strong>Responsabilidades e atribui\u00e7\u00f5es<br><br></strong><strong>Ao se juntar a n\u00f3s, seus principais desafios ser\u00e3o:<br></strong><ul><li>Executar testes de funcionamento de equipamentos de acordo com escopos ou roteiros definidos;</li><li>Diagnosticar e substituir equipamentos danificados e/ou m\u00f3dulos de equipamentos;</li><li>Executar tarefas de atualiza\u00e7\u00e3o de sistemas e de firmware em equipamentos;</li><li>Ajudar a escrever, organizar e controlar documenta\u00e7\u00e3o de projetos;</li><li>Aplicar scripts pr\u00e9-definidos de configura\u00e7\u00e3o em equipamentos;</li><li>Instalar equipamentos sob orienta\u00e7\u00e3o do time de engenharia.<br><br></li></ul><strong>Requisitos e qualifica\u00e7\u00f5es<br><br></strong><strong>Buscamos uma pessoa com as seguintes atribui\u00e7\u00f5es t\u00e9cnicas:<br></strong><ul><li>Ensino Superior em Andamento nas \u00e1reas de Engenharia El\u00e9trica, Engenharia de Telecomunica\u00e7\u00f5es, Sistemas de Informa\u00e7\u00e3o ou \u00e1reas afins;</li><li>Conhecimento a n\u00edvel usu\u00e1rio do pacote office;</li><li>Conhecimento/Afinidade com \u00e1rea de T.I;</li><li>Conhecimento de Excel Intermedi\u00e1rio.<br><br></li></ul><strong>N\u00e3o s\u00e3o conhecimentos obrigat\u00f3rios, mas vamos ficar de olho caso voc\u00ea tenha:<br></strong><ul><li>Base em sistemas operacionais Windows e Linux;</li><li>Ingl\u00eas T\u00e9cnico (leitura de manuais e datasheet);</li><li>Base em redes de computadores;<br><br></li></ul><em>Hey, n\u00e3o perca essa chance de se candidatar a essa vaga, mesmo se a descri\u00e7\u00e3o menciona conceitos ou tecnologias que voc\u00ea ainda n\u00e3o conhece ou n\u00e3o domina. Na Roost, a gente sempre t\u00e1 incentivando a vontade de aprender e desenvolver novas habilidades. ;)<br><br></em><strong>Informa\u00e7\u00f5es adicionais<br><br></strong><strong>Nossos benef\u00edcios para posi\u00e7\u00f5es de est\u00e1gio s\u00e3o:<br></strong><ul><li>Vale alimenta\u00e7\u00e3o ou refei\u00e7\u00e3o, voc\u00ea pode escolher o melhor para voc\u00ea;</li><li>Vale transporte.<br><br></li></ul><strong>Esses s\u00e3o alguns dos programas internos aqui da Roost:<br></strong><ul><li>Roost Delas: Grupo de afinidade voltado para o empoderamento e apoio as nossas mulheres, tem como objetivo a promo\u00e7\u00e3o da equidade de g\u00eanero em todas as inst\u00e2ncias do nosso neg\u00f3cio.</li><li>Roost Pride: Grupo de afinidade LGBTI+ voltado para discutir temas que promovam ambientes mais seguros e inclusivos, livres de discrimina\u00e7\u00f5es. \u00c9 um grupo aberto para todos que se identificam como parte da comunidade e tamb\u00e9m para todas as pessoas apoiadoras da causa.</li><li>Roost Tech Talks: Este grupo tem o objetivo de fomentar em nossos colaboradores o desejo por conhecimento, a proposta dos encontros \u00e9 promover discuss\u00f5es a respeito de tem\u00e1ticas relacionadas ao campo da tecnologia.<br><br></li></ul><strong>E a\u00ed, bora ser conectar com a gente e se tornar um Rooster? ;)<br><br></strong><em>A Roost adota uma pol\u00edtica para garantir controle e transpar\u00eancia no tratamento de dados de todas as pessoas, inclusive aquelas interessadas em fazer parte do nosso time. As informa\u00e7\u00f5es de candidatos \u00e0 vagas abertas na Roost durante o processo seletivo s\u00e3o tratadas rigorosamente de acordo com a LGPD. Para mais informa\u00e7\u00f5es, Leia nossa pol\u00edtica de privacidade.</em>\n      </div>\n\n        \n\n    \n    \n    \n\n    <button aria-expanded=\"false\" aria-label=\"Show more, visually expands previously read content above\" data-tracking-control-name=\"public_jobs_show-more-html-btn\" class=\"show-more-less-html__button show-more-less-button\n        show-more-less-html__button--more\n        !ml-0.5\">\n        Show more\n\n        <icon class=\"show-more-less-html__button-icon show-more-less-button-icon lazy-loaded\" aria-hidden=\"true\" aria-busy=\"false\"><svg xmlns=\"http://www.w3.org/2000/svg\" width=\"16\" height=\"16\" preserveAspectRatio=\"xMinYMin meet\" focusable=\"false\" class=\"lazy-loaded\" aria-busy=\"false\"><path d=\"M8 9l5.93-4L15 6.54l-6.15 4.2a1.5 1.5 0 01-1.69 0L1 6.54 2.07 5z\" fill=\"currentColor\"></path></svg></icon>\n    </button>\n  \n\n        \n\n    \n    \n    \n\n    <button aria-expanded=\"true\" aria-label=\"Show less\" data-tracking-control-name=\"public_jobs_show-less-html-btn\" class=\"show-more-less-html__button show-more-less-button\n        show-more-less-html__button--less\n        !ml-0.5\">\n        Show less\n\n        <icon class=\"show-more-less-html__button-icon show-more-less-button-icon lazy-loaded\" aria-hidden=\"true\" aria-busy=\"false\"><svg xmlns=\"http://www.w3.org/2000/svg\" width=\"16\" height=\"16\" preserveAspectRatio=\"xMinYMin meet\" focusable=\"false\" class=\"lazy-loaded\" aria-busy=\"false\"><path d=\"M8 7l-5.9 4L1 9.5l6.2-4.2c.5-.3 1.2-.3 1.7 0L15 9.5 13.9 11 8 7z\" fill=\"currentColor\"></path></svg></icon>\n    </button>\n  \n    </section>\n  \n    </div>",
        "date": "2023-05-22",
        "insights": []
    }
]
