[
  {
    "title": "ESTÁGIO - ENGENHARIA ELÉTRICA",
    "description": "CONTROLAR AS INTERCONEXÕES COM AS OPERADORAS, TRATANDO AS AMPLIAÇÕES SEMPRE QUE NECESSÁRIAS E CONTROLAR AS FALHAS;\r\n REALIZAR APROVISIONAMENTO, OPERAÇ...",
    "company": "MUNDIVOX COMMUNICATIONS",
    "link": "https://www.infojobs.com.br/vaga-de-estagio-engenharia-eletrica-em-rio-janeiro__8822151.aspx"
  },
  {
    "job_id": "",
    "link": "https://www.google.com/search?q=Estagi%C3%A1rio%20em%20Engenharia%20de%20Telecomunica%C3%A7%C3%B5es&ibp=htl;jobs&uule=w+CAIQICJSaW9qZW4gSmFuZWVywqBv&hl=pt-BR&gl=br&htilrad=100.0",
    "apply_link": "",
    "title": "Estagiário em Engenharia de Telecomunicações",
    "company": "CENTAURO",
    "company_link": "",
    "company_img_link": "",
    "place": "  Rio de Janeiro, RJ   ",
    "description": "",
    "description_html": "",
    "date": "",
    "insights": []
  },
  {
    "job_id": "",
    "link": "https://br.trabajo.org/emprego-1298-20230708-0acc021fd15d880ac3628442f05da583?utm_campaign=google_jobs_apply&utm_source=google_jobs_apply&utm_medium=organic",
    "apply_link": "",
    "title": "Estágio na área de Telecomunicações",
    "company": "empregos.listapa.com.br",
    "company_link": "",
    "company_img_link": "",
    "place": "  Rio de Janeiro, RJ   ",
    "description": "",
    "description_html": "",
    "date": "",
    "insights": []
  },
  {
    "job_id": "",
    "link": "https://www.infojobs.com.br/vaga-de-estagio-engenharia-eletrica-em-rio-janeiro__8822151.aspx?utm_campaign=google_jobs_apply&utm_source=google_jobs_apply&utm_medium=organic",
    "apply_link": "",
    "title": "ESTÁGIO",
    "company": "Mundivox do Brasil",
    "company_link": "",
    "company_img_link": "",
    "place": "  Rio de Janeiro, RJ   ",
    "description": "",
    "description_html": "",
    "date": "",
    "insights": []
  },
  {
    "job_id": "",
    "link": "https://br.sercanto.com/detail/a/estagio-design-grafico-criacao-de-post-e-artes-para-redes-sociais-viamao-rs_viamao_426950888?utm_campaign=google_jobs_apply&utm_source=google_jobs_apply&utm_medium=organic",
    "apply_link": "",
    "title": "Estagio em engenharia de telecomunicacoes centro do rio",
    "company": "Divulga Vagas",
    "company_link": "",
    "company_img_link": "",
    "place": "  Rio de Janeiro, RJ   ",
    "description": "",
    "description_html": "",
    "date": "",
    "insights": []
  },
  {
    "job_id": "",
    "link": "https://br.sercanto.com/detail/a/estagio-em-engenharia-de-telecomunicacoes_niteroi_176187241?utm_campaign=google_jobs_apply&utm_source=google_jobs_apply&utm_medium=organic",
    "apply_link": "",
    "title": "Estágio em Engenharia de Telecomunicações",
    "company": "Confidencial",
    "company_link": "",
    "company_img_link": "",
    "place": "  Niterói, RJ   ",
    "description": "",
    "description_html": "",
    "date": "",
    "insights": []
  },
  {
    "job_id": "",
    "link": "https://empregos.listapa.com.br/detalhe-vaga-de-emprego/3782429/estagio-engenharia-comercial?utm_campaign=google_jobs_apply&utm_source=google_jobs_apply&utm_medium=organic",
    "apply_link": "",
    "title": "Estágio Engenharia Comercial",
    "company": "Unspecified",
    "company_link": "",
    "company_img_link": "",
    "place": "  Rio de Janeiro, RJ   ",
    "description": "",
    "description_html": "",
    "date": "",
    "insights": []
  },
  {
    "job_id": "",
    "link": "https://www.adzuna.com.br/details/4176493235?utm_campaign=google_jobs_apply&utm_source=google_jobs_apply&utm_medium=organic",
    "apply_link": "",
    "title": "Estágio - Engenharia Elétrica/Telecomunicações - RJ",
    "company": "MUNDIVOX COMMUNICATIONS",
    "company_link": "",
    "company_img_link": "",
    "place": "  Rio de Janeiro, RJ   ",
    "description": "",
    "description_html": "",
    "date": "",
    "insights": []
  },
  {
    "job_id": "",
    "link": "https://br.bebee.com/job/20230705-7d7abb4eb66caf5745011199e4c1cdf7?utm_campaign=google_jobs_apply&utm_source=google_jobs_apply&utm_medium=organic",
    "apply_link": "",
    "title": "Estágio Segurança do Trabalho",
    "company": "Tel Telecomunicações Ltda",
    "company_link": "",
    "company_img_link": "",
    "place": "  Rio de Janeiro, RJ   ",
    "description": "",
    "description_html": "",
    "date": "",
    "insights": []
  },
  {
    "job_id": "",
    "link": "https://www.superestagios.com.br/index/vagasEstagioDestaque.php?i=$$$$$$MTQzMTM2QEA2NzE4&utm_campaign=google_jobs_apply&utm_source=google_jobs_apply&utm_medium=organic",
    "apply_link": "",
    "title": "Vaga de est gio ENGENHARIA EL TRICA",
    "company": "Super Est gios",
    "company_link": "",
    "company_img_link": "",
    "place": "  Rio de Janeiro, RJ   ",
    "description": "",
    "description_html": "",
    "date": "",
    "insights": []
  },
  {
    "job_id": "",
    "link": "https://br.linkedin.com/jobs/view/estagio-em-engenharia-at-mundivox-communications-3652803887?utm_campaign=google_jobs_apply&utm_source=google_jobs_apply&utm_medium=organic",
    "apply_link": "",
    "title": "ESTAGIO EM ENGENHARIA",
    "company": "Mundivox Communications",
    "company_link": "",
    "company_img_link": "",
    "place": "  Rio de Janeiro, RJ   ",
    "description": "",
    "description_html": "",
    "date": "",
    "insights": []
  },
  {
    "job_id": "",
    "link": "https://br.bebee.com/job/20230705-f422f63594614995120cb1c08403458e?utm_campaign=google_jobs_apply&utm_source=google_jobs_apply&utm_medium=organic",
    "apply_link": "",
    "title": "Nube - Estágio na Área Comercial - Oe 202288",
    "company": "Nube Núcleo Brasileiro de Estágios Ltda",
    "company_link": "",
    "company_img_link": "",
    "place": "  Rio de Janeiro, RJ   ",
    "description": "",
    "description_html": "",
    "date": "",
    "insights": []
  },
  {
    "job_id": "",
    "link": "https://www.empregojusto.com/emprego/363550/estagio-tecnico-em-telecomunicacoes-de-empregga-em-rio-de-janeiro/?utm_campaign=google_jobs_apply&utm_source=google_jobs_apply&utm_medium=organic",
    "apply_link": "",
    "title": "Estágio Técnico Em Telecomunicações",
    "company": "Empregga",
    "company_link": "",
    "company_img_link": "",
    "place": "  Rio de Janeiro, RJ   ",
    "description": "",
    "description_html": "",
    "date": "",
    "insights": []
  },
  {
    "job_id": "",
    "link": "https://www.superestagios.com.br/index/vagasEstagioDestaque.php?i=$$$$$$$$$$MTQyMzMzQEA1MTk1&utm_campaign=google_jobs_apply&utm_source=google_jobs_apply&utm_medium=organic",
    "apply_link": "",
    "title": "Vaga de est gio ENGENHARIA DE TELECOMUNICA  ES",
    "company": "Super Est gios",
    "company_link": "",
    "company_img_link": "",
    "place": "  Rio de Janeiro, RJ   ",
    "description": "",
    "description_html": "",
    "date": "",
    "insights": []
  },
  {
    "job_id": "",
    "link": "https://br.trabajo.org/emprego-849-20230709-5568b3bc19570e8c0a1a2aa6065197df?utm_campaign=google_jobs_apply&utm_source=google_jobs_apply&utm_medium=organic",
    "apply_link": "",
    "title": "Estágio | Engenharia Elétrica | Confidencial",
    "company": "Grupo Capacitare",
    "company_link": "",
    "company_img_link": "",
    "place": "  Rio de Janeiro, RJ   ",
    "description": "",
    "description_html": "",
    "date": "",
    "insights": []
  },
  {
    "job_id": "",
    "link": "https://br.jooble.org/jdp/-99615826294675589/ESTAGIO-ENGENHARIA-DE-TELECOM-Rio-de-Janeiro%2C-RJ?utm_campaign=google_jobs_apply&utm_source=google_jobs_apply&utm_medium=organic",
    "apply_link": "",
    "title": "ESTAGIO ENGENHARIA DE TELECOM",
    "company": "confidential",
    "company_link": "",
    "company_img_link": "",
    "place": "  Rio de Janeiro, RJ   ",
    "description": "",
    "description_html": "",
    "date": "",
    "insights": []
  },
  {
    "job_id": "",
    "link": "https://br.jooble.org/jdp/2578490898817929094/Est%C3%A1gio-em-Engenharia-de-Telecomunica%C3%A7%C3%B5es-%2F-Eletr%C3%B4nica-+-2-Vagas-+-Licks-Attorneys-+-Rio-de-Janeiro-Rio-de-Janeiro%2C-RJ?utm_campaign=google_jobs_apply&utm_source=google_jobs_apply&utm_medium=organic",
    "apply_link": "",
    "title": "Estágio em Engenharia de Telecomunicações / Eletrônica - 2 Vagas ...",
    "company": "Licks Attorneys",
    "company_link": "",
    "company_img_link": "",
    "place": "  Rio de Janeiro, RJ   ",
    "description": "",
    "description_html": "",
    "date": "",
    "insights": []
  },
  {
    "job_id": "",
    "link": "https://www.catho.com.br/vagas/estagio-l-tecnologia-l-vale/23501242/?utm_campaign=google_jobs_apply&utm_source=google_jobs_apply&utm_medium=organic",
    "apply_link": "",
    "title": "Estágio l Tecnologia l VALE",
    "company": "GRUPO CAPACITARE",
    "company_link": "",
    "company_img_link": "",
    "place": "  Mangaratiba, RJ   ",
    "description": "",
    "description_html": "",
    "date": "",
    "insights": []
  },
  {
    "job_id": "",
    "link": "https://portaldevagas.solides.jobs/empresa/snefbrasil/vaga/254957-estagiario-tecnico-em-automacao--?utm_campaign=google_jobs_apply&utm_source=google_jobs_apply&utm_medium=organic",
    "apply_link": "",
    "title": "Estagiário Técnico em Automação",
    "company": "SNEF Brasil",
    "company_link": "",
    "company_img_link": "",
    "place": "  Rio de Janeiro, RJ   ",
    "description": "",
    "description_html": "",
    "date": "",
    "insights": []
  },
  {
    "job_id": "",
    "link": "https://rjempregos.net/vagasrio/estagio-tecnico-em-telecomunicacoes-2-vagas-mudes-zona-sul/?utm_campaign=google_jobs_apply&utm_source=google_jobs_apply&utm_medium=organic",
    "apply_link": "",
    "title": "Estágio Técnico em Telecomunicações – 2 Vagas – Mudes – Zona Sul",
    "company": "Mudes",
    "company_link": "",
    "company_img_link": "",
    "place": "  Rio de Janeiro - RJ   ",
    "description": "",
    "description_html": "",
    "date": "",
    "insights": []
  },
  {
    "job_id": "",
    "link": "https://br.trabajo.org/emprego-1298-20230618-70b70abb369077d7685e6b2efed6c5cd?utm_campaign=google_jobs_apply&utm_source=google_jobs_apply&utm_medium=organic",
    "apply_link": "",
    "title": "Estágio Engenharia",
    "company": "empregos.listapa.com.br",
    "company_link": "",
    "company_img_link": "",
    "place": "  Rio de Janeiro, RJ   ",
    "description": "",
    "description_html": "",
    "date": "",
    "insights": []
  },
  {
    "job_id": "",
    "link": "https://br.trabajo.org/emprego-849-20230707-48529fa7905578880bb68d36fc8d4436?utm_campaign=google_jobs_apply&utm_source=google_jobs_apply&utm_medium=organic",
    "apply_link": "",
    "title": "Estagiario de engenharia de eletrica",
    "company": "UNIC RH",
    "company_link": "",
    "company_img_link": "",
    "place": "  Rio de Janeiro, RJ   ",
    "description": "",
    "description_html": "",
    "date": "",
    "insights": []
  },
  {
    "job_id": "",
    "link": "https://br.jooble.org/jdp/-7143877264967185504/Est%C3%A1gio-em-Engenharia-(Projetos-de-Telecomunica%C3%A7%C3%B5es)-+-Huawei-+-Rio-de-Janeiro-Rio-de-Janeiro%2C-RJ?utm_campaign=google_jobs_apply&utm_source=google_jobs_apply&utm_medium=organic",
    "apply_link": "",
    "title": "Estágio em Engenharia (Projetos de Telecomunicações) - Huawei ...",
    "company": "Huawei",
    "company_link": "",
    "company_img_link": "",
    "place": "  Rio de Janeiro, RJ   ",
    "description": "",
    "description_html": "",
    "date": "",
    "insights": []
  },
  {
    "job_id": "",
    "link": "https://br.sercanto.com/detail/a/estagio-para-ensino-medio-na-imperio-papeis-cod-152_piracicaba_271387927?utm_campaign=google_jobs_apply&utm_source=google_jobs_apply&utm_medium=organic",
    "apply_link": "",
    "title": "Engenharia de automacao de sistemas de telecomunicacoes furnas 4860839",
    "company": "Pichau Informática",
    "company_link": "",
    "company_img_link": "",
    "place": "  Rio de Janeiro, RJ   ",
    "description": "",
    "description_html": "",
    "date": "",
    "insights": []
  },
  {
    "job_id": "",
    "link": "https://br.bebee.com/job/20230704-e1289040b840f0c8d4c5650eca7c0b58?utm_campaign=google_jobs_apply&utm_source=google_jobs_apply&utm_medium=organic",
    "apply_link": "",
    "title": "Estágio em Telecomunicação",
    "company": "Huawei",
    "company_link": "",
    "company_img_link": "",
    "place": "  Rio de Janeiro, RJ   ",
    "description": "",
    "description_html": "",
    "date": "",
    "insights": []
  },
  {
    "job_id": "",
    "link": "https://br.bebee.com/job/20230703-592fc712e765f888bfb1398ccbce92ba?utm_campaign=google_jobs_apply&utm_source=google_jobs_apply&utm_medium=organic",
    "apply_link": "",
    "title": "Estágio em Projetos de Telecomunicação",
    "company": "Huawei",
    "company_link": "",
    "company_img_link": "",
    "place": "  Rio de Janeiro, RJ   ",
    "description": "",
    "description_html": "",
    "date": "",
    "insights": []
  },
  {
    "job_id": "",
    "link": "https://empregavagas.com/viewjobs/estagio-engenharia-rio-de-janeiro-2/?utm_campaign=google_jobs_apply&utm_source=google_jobs_apply&utm_medium=organic",
    "apply_link": "",
    "title": "Estágio – Engenharia –  Rio de Janeiro",
    "company": "Mundivox Communications",
    "company_link": "",
    "company_img_link": "",
    "place": "  Rio de Janeiro, RJ   ",
    "description": "",
    "description_html": "",
    "date": "",
    "insights": []
  },
  {
    "job_id": "",
    "link": "https://br.trabajo.org/emprego-1298-20230622-71f03bf7163ac2cb3145d74962177562?utm_campaign=google_jobs_apply&utm_source=google_jobs_apply&utm_medium=organic",
    "apply_link": "",
    "title": "Estágio em Engenharia Elétrica",
    "company": "empregos.listapa.com.br",
    "company_link": "",
    "company_img_link": "",
    "place": "  Rio de Janeiro, RJ   ",
    "description": "",
    "description_html": "",
    "date": "",
    "insights": []
  },
  {
    "job_id": "",
    "link": "https://br.trabajo.org/emprego-1298-20230620-8dea9e19f5971d1980ad864290616fe6?utm_campaign=google_jobs_apply&utm_source=google_jobs_apply&utm_medium=organic",
    "apply_link": "",
    "title": "Estágio em Engenharia Elétrica",
    "company": "empregos.listapa.com.br",
    "company_link": "",
    "company_img_link": "",
    "place": "  Rio de Janeiro, RJ   ",
    "description": "",
    "description_html": "",
    "date": "",
    "insights": []
  }
]